<?xml version="1.0" encoding="GB2312"?>

<RESULT>
<VALUE><ID>1</ID><LANG>Microsoft Visual Stdio 2010 C++</LANG></VALUE>
<VALUE><ID>2</ID><LANG>Microsoft Visual Stdio 2010 C</LANG></VALUE>
<VALUE><ID>3</ID><LANG>GNU C++</LANG></VALUE>
<VALUE><ID>4</ID><LANG>GNU C</LANG></VALUE>
<VALUE><ID>5</ID><LANG>Java 1.5</LANG></VALUE>


<!--
<VALUE><ID>7</ID><LANG>Microsoft Visual Stdio 2010 F#</LANG></VALUE>
<VALUE><ID>8</ID><LANG>Pascal 2.0.2</LANG></VALUE>
-->

<VALUE><ID>9</ID><LANG>Python 2.7</LANG></VALUE>
<VALUE><ID>10</ID><LANG>Ruby 1.9.1</LANG></VALUE>
<VALUE><ID>11</ID><LANG>Perl 5.8.8</LANG></VALUE>
<VALUE><ID>6</ID><LANG>C# Mono-2.10.6</LANG></VALUE>


<!--
<VALUE><ID>12</ID><LANG>Lua</LANG></VALUE>
<VALUE><ID>13</ID><LANG>Tcl</LANG></VALUE>
<VALUE><ID>14</ID><LANG>Pike</LANG></VALUE> 
-->

<VALUE><ID>15</ID><LANG>Haskell ghc-6.12.2</LANG></VALUE>

<!--
<VALUE><ID>16</ID><LANG>PHP 5.0</LANG></VALUE>
<VALUE><ID>17</ID><LANG>BrainFuck</LANG></VALUE>
<VALUE><ID>18</ID><LANG>Befunge</LANG></VALUE>
<VALUE><ID>19</ID><LANG>GO</LANG></VALUE>
<VALUE><ID>20</ID><LANG>Scala 2.9.1</LANG></VALUE>
<VALUE><ID>21</ID><LANG>JavaScript</LANG></VALUE>
-->

<VALUE><ID>22</ID><LANG>Groovy 1.8.4</LANG></VALUE>
<VALUE><ID>23</ID><LANG>Objective-c</LANG></VALUE>

</RESULT>
